{
  "benchmark": "vaulttls",
  "iterations": 6,
  "app_rounds": 32,
  "message_size": 1024,
  "registration": {
    "count": 6,
    "mean_ms": 269.21415283383493,
    "stdev_ms": 7.425680576352548,
    "min_ms": 258.1209170166403,
    "median_ms": 268.42879148898646,
    "p95_ms": 278.9868749969173,
    "max_ms": 278.9868749969173
  },
  "login": {
    "count": 6,
    "mean_ms": 259.27294450715027,
    "stdev_ms": 3.1259845881259785,
    "min_ms": 254.03854201431386,
    "median_ms": 260.96156251151115,
    "p95_ms": 262.09808301064186,
    "max_ms": 262.09808301064186
  },
  "app_round_trip": {
    "count": 6,
    "mean_ms": 0.13515472907480822,
    "stdev_ms": 0.01708377133431299,
    "min_ms": 0.11704037478921236,
    "median_ms": 0.13079165591989295,
    "p95_ms": 0.16963540656433906,
    "max_ms": 0.16963540656433906
  },
  "throughput": {
    "count": 6,
    "mean_mib_s": 7.329577630404664,
    "stdev_mib_s": 0.8287149119451116,
    "min_mib_s": 5.756831782813046,
    "median_mib_s": 7.47585657268852,
    "max_mib_s": 8.343808722065114
  }
}