{
  "benchmark": "vaulttls",
  "iterations": 8,
  "app_rounds": 16,
  "message_size": 1024,
  "registration": {
    "count": 8,
    "mean_ms": 253.6812028629356,
    "stdev_ms": 6.12864680680651,
    "min_ms": 246.77491598413326,
    "median_ms": 251.5586039808113,
    "p95_ms": 267.9577909875661,
    "max_ms": 267.9577909875661
  },
  "login": {
    "count": 8,
    "mean_ms": 251.57806249626447,
    "stdev_ms": 4.2241516091673725,
    "min_ms": 244.81083400314674,
    "median_ms": 252.53787498513702,
    "p95_ms": 257.50183398486115,
    "max_ms": 257.50183398486115
  },
  "app_round_trip": {
    "count": 8,
    "mean_ms": 0.1681051328432659,
    "stdev_ms": 0.04228802858199157,
    "min_ms": 0.11428125071688555,
    "median_ms": 0.15910934325802373,
    "p95_ms": 0.272789062364609,
    "max_ms": 0.272789062364609
  },
  "throughput": {
    "count": 8,
    "mean_mib_s": 6.104516505090113,
    "stdev_mib_s": 1.2429884818620474,
    "min_mib_s": 3.5799180932508565,
    "median_mib_s": 6.13768404694984,
    "max_mib_s": 8.545255620445433
  }
}